"Solution","Area","ObsFreq","Order","Solution_chr","avoidforest","avoidgrass","avoidwet","avoidpeat","nfm","plantations","nutrients","rice","integr_trees","silvo","legumes","biochar","ew","wetrestoration","peatrestoration","grassrestoration","reforestation","afforestation","BECCS"
"1",9237248.93112387,9881265,"Order: 0","avoidforest",1,0,0,0,0,0,0,0,0,0,0,0,0,0,0,0,0,0,0
"1,19",750404.14425597,763570,"Order: 1","avoidforest,BECCS",1,0,0,0,0,0,0,0,0,0,0,0,0,0,0,0,0,0,1
"10,11",5473.08178727326,7865,"Order: 1","silvo,legumes",0,0,0,0,0,0,0,0,0,1,1,0,0,0,0,0,0,0,0
"10,11,13",5705.82172102026,8814,"Order: 2","silvo,legumes,ew",0,0,0,0,0,0,0,0,0,1,1,0,1,0,0,0,0,0,0
"10,11,13,14",159.917617189691,229,"Order: 3","silvo,legumes,ew,wetrestoration",0,0,0,0,0,0,0,0,0,1,1,0,1,1,0,0,0,0,0
"10,11,13,14,19",22.508256878232,34,"Order: 4","silvo,legumes,ew,wetrestoration,BECCS",0,0,0,0,0,0,0,0,0,1,1,0,1,1,0,0,0,0,1
"10,11,13,15",7096.52524633846,10216,"Order: 3","silvo,legumes,ew,peatrestoration",0,0,0,0,0,0,0,0,0,1,1,0,1,0,1,0,0,0,0
"10,11,13,15,18",71.2671964963351,103,"Order: 4","silvo,legumes,ew,peatrestoration,afforestation",0,0,0,0,0,0,0,0,0,1,1,0,1,0,1,0,0,1,0
"10,11,13,15,18,19",15.7714501928539,22,"Order: 5","silvo,legumes,ew,peatrestoration,afforestation,BECCS",0,0,0,0,0,0,0,0,0,1,1,0,1,0,1,0,0,1,1
"10,11,13,15,19",392.466471248826,575,"Order: 4","silvo,legumes,ew,peatrestoration,BECCS",0,0,0,0,0,0,0,0,0,1,1,0,1,0,1,0,0,0,1
"10,11,13,16",2416.675087284,3666,"Order: 3","silvo,legumes,ew,grassrestoration",0,0,0,0,0,0,0,0,0,1,1,0,1,0,0,1,0,0,0
"10,11,13,16,18",28252.7128226987,41458,"Order: 4","silvo,legumes,ew,grassrestoration,afforestation",0,0,0,0,0,0,0,0,0,1,1,0,1,0,0,1,0,1,0
"10,11,13,16,18,19",2017.42924370734,2849,"Order: 5","silvo,legumes,ew,grassrestoration,afforestation,BECCS",0,0,0,0,0,0,0,0,0,1,1,0,1,0,0,1,0,1,1
"10,11,13,17",471351.964445866,707503,"Order: 3","silvo,legumes,ew,reforestation",0,0,0,0,0,0,0,0,0,1,1,0,1,0,0,0,1,0,0
"10,11,13,17,19",35348.8800418934,50521,"Order: 4","silvo,legumes,ew,reforestation,BECCS",0,0,0,0,0,0,0,0,0,1,1,0,1,0,0,0,1,0,1
"10,11,13,19",236.833414269405,345,"Order: 3","silvo,legumes,ew,BECCS",0,0,0,0,0,0,0,0,0,1,1,0,1,0,0,0,0,0,1
"10,11,14",72.8040620783987,108,"Order: 2","silvo,legumes,wetrestoration",0,0,0,0,0,0,0,0,0,1,1,0,0,1,0,0,0,0,0
"10,11,14,18",2.02465095175838,3,"Order: 3","silvo,legumes,wetrestoration,afforestation",0,0,0,0,0,0,0,0,0,1,1,0,0,1,0,0,0,1,0
"10,11,14,19",1.33759865638351,2,"Order: 3","silvo,legumes,wetrestoration,BECCS",0,0,0,0,0,0,0,0,0,1,1,0,0,1,0,0,0,0,1
"10,11,15",3217.67834846929,4556,"Order: 2","silvo,legumes,peatrestoration",0,0,0,0,0,0,0,0,0,1,1,0,0,0,1,0,0,0,0
"10,11,15,18",67.9670060906715,103,"Order: 3","silvo,legumes,peatrestoration,afforestation",0,0,0,0,0,0,0,0,0,1,1,0,0,0,1,0,0,1,0
"10,11,15,19",66.6166642003754,94,"Order: 3","silvo,legumes,peatrestoration,BECCS",0,0,0,0,0,0,0,0,0,1,1,0,0,0,1,0,0,0,1
"10,11,16",6526.30657886523,9746,"Order: 2","silvo,legumes,grassrestoration",0,0,0,0,0,0,0,0,0,1,1,0,0,0,0,1,0,0,0
"10,11,16,18",67286.650169361,99458,"Order: 3","silvo,legumes,grassrestoration,afforestation",0,0,0,0,0,0,0,0,0,1,1,0,0,0,0,1,0,1,0
"10,11,16,18,19",3411.058704504,4732,"Order: 4","silvo,legumes,grassrestoration,afforestation,BECCS",0,0,0,0,0,0,0,0,0,1,1,0,0,0,0,1,0,1,1
"10,11,17",175016.617204181,252998,"Order: 2","silvo,legumes,reforestation",0,0,0,0,0,0,0,0,0,1,1,0,0,0,0,0,1,0,0
"10,11,17,19",6490.01735531074,9417,"Order: 3","silvo,legumes,reforestation,BECCS",0,0,0,0,0,0,0,0,0,1,1,0,0,0,0,0,1,0,1
"10,11,19",153.214114321226,219,"Order: 2","silvo,legumes,BECCS",0,0,0,0,0,0,0,0,0,1,1,0,0,0,0,0,0,0,1
"11",198937.35158903,262124,"Order: 0","legumes",0,0,0,0,0,0,0,0,0,0,1,0,0,0,0,0,0,0,0
"11,13",175416.002692675,229101,"Order: 1","legumes,ew",0,0,0,0,0,0,0,0,0,0,1,0,1,0,0,0,0,0,0
"11,13,14",261.064405986379,350,"Order: 2","legumes,ew,wetrestoration",0,0,0,0,0,0,0,0,0,0,1,0,1,1,0,0,0,0,0
"11,13,14,19",21.6899173104649,29,"Order: 3","legumes,ew,wetrestoration,BECCS",0,0,0,0,0,0,0,0,0,0,1,0,1,1,0,0,0,0,1
"11,13,15",5168.17249843124,6945,"Order: 2","legumes,ew,peatrestoration",0,0,0,0,0,0,0,0,0,0,1,0,1,0,1,0,0,0,0
"11,13,15,18",10.8599274536057,14,"Order: 3","legumes,ew,peatrestoration,afforestation",0,0,0,0,0,0,0,0,0,0,1,0,1,0,1,0,0,1,0
"11,13,15,19",336.428188480641,442,"Order: 3","legumes,ew,peatrestoration,BECCS",0,0,0,0,0,0,0,0,0,0,1,0,1,0,1,0,0,0,1
"11,13,16",14349.993965982,18587,"Order: 2","legumes,ew,grassrestoration",0,0,0,0,0,0,0,0,0,0,1,0,1,0,0,1,0,0,0
"11,13,16,18",5195.59584672801,6723,"Order: 3","legumes,ew,grassrestoration,afforestation",0,0,0,0,0,0,0,0,0,0,1,0,1,0,0,1,0,1,0
"11,13,16,18,19",339.5123050626,433,"Order: 4","legumes,ew,grassrestoration,afforestation,BECCS",0,0,0,0,0,0,0,0,0,0,1,0,1,0,0,1,0,1,1
"11,13,16,19",454.460373559045,575,"Order: 3","legumes,ew,grassrestoration,BECCS",0,0,0,0,0,0,0,0,0,0,1,0,1,0,0,1,0,0,1
"11,13,17",183840.394574058,237626,"Order: 2","legumes,ew,reforestation",0,0,0,0,0,0,0,0,0,0,1,0,1,0,0,0,1,0,0
"11,13,17,19",14134.2587147291,18018,"Order: 3","legumes,ew,reforestation,BECCS",0,0,0,0,0,0,0,0,0,0,1,0,1,0,0,0,1,0,1
"11,13,19",7269.2899200129,9429,"Order: 2","legumes,ew,BECCS",0,0,0,0,0,0,0,0,0,0,1,0,1,0,0,0,0,0,1
"11,14",182.591632830421,242,"Order: 1","legumes,wetrestoration",0,0,0,0,0,0,0,0,0,0,1,0,0,1,0,0,0,0,0
"11,14,19",11.6622421984587,15,"Order: 2","legumes,wetrestoration,BECCS",0,0,0,0,0,0,0,0,0,0,1,0,0,1,0,0,0,0,1
"11,15",2174.35293562863,2935,"Order: 1","legumes,peatrestoration",0,0,0,0,0,0,0,0,0,0,1,0,0,0,1,0,0,0,0
"11,15,18",6.23727535221195,8,"Order: 2","legumes,peatrestoration,afforestation",0,0,0,0,0,0,0,0,0,0,1,0,0,0,1,0,0,1,0
"11,15,19",147.425634986016,198,"Order: 2","legumes,peatrestoration,BECCS",0,0,0,0,0,0,0,0,0,0,1,0,0,0,1,0,0,0,1
"11,16",168019.772978911,219136,"Order: 1","legumes,grassrestoration",0,0,0,0,0,0,0,0,0,0,1,0,0,0,0,1,0,0,0
"11,16,18",5350.38207588244,6934,"Order: 2","legumes,grassrestoration,afforestation",0,0,0,0,0,0,0,0,0,0,1,0,0,0,0,1,0,1,0
"11,16,18,19",105.446071053335,132,"Order: 3","legumes,grassrestoration,afforestation,BECCS",0,0,0,0,0,0,0,0,0,0,1,0,0,0,0,1,0,1,1
"11,16,19",11358.7880716387,14507,"Order: 2","legumes,grassrestoration,BECCS",0,0,0,0,0,0,0,0,0,0,1,0,0,0,0,1,0,0,1
"11,17",21206.4208931657,27325,"Order: 1","legumes,reforestation",0,0,0,0,0,0,0,0,0,0,1,0,0,0,0,0,1,0,0
"11,17,19",1422.91832891885,1805,"Order: 2","legumes,reforestation,BECCS",0,0,0,0,0,0,0,0,0,0,1,0,0,0,0,0,1,0,1
"11,19",25583.4047237252,34243,"Order: 1","legumes,BECCS",0,0,0,0,0,0,0,0,0,0,1,0,0,0,0,0,0,0,1
"14",58367.7421656094,72356,"Order: 0","wetrestoration",0,0,0,0,0,0,0,0,0,0,0,0,0,1,0,0,0,0,0
"14,18",743.200116654309,922,"Order: 1","wetrestoration,afforestation",0,0,0,0,0,0,0,0,0,0,0,0,0,1,0,0,0,1,0
"14,18,19",565.070012684339,700,"Order: 2","wetrestoration,afforestation,BECCS",0,0,0,0,0,0,0,0,0,0,0,0,0,1,0,0,0,1,1
"14,19",6967.0103024956,8632,"Order: 1","wetrestoration,BECCS",0,0,0,0,0,0,0,0,0,0,0,0,0,1,0,0,0,0,1
"15",199238.939109489,243321,"Order: 0","peatrestoration",0,0,0,0,0,0,0,0,0,0,0,0,0,0,1,0,0,0,0
"15,18",13258.4198663943,16161,"Order: 1","peatrestoration,afforestation",0,0,0,0,0,0,0,0,0,0,0,0,0,0,1,0,0,1,0
"15,18,19",2709.42418779271,3279,"Order: 2","peatrestoration,afforestation,BECCS",0,0,0,0,0,0,0,0,0,0,0,0,0,0,1,0,0,1,1
"15,19",11234.0053577,13685,"Order: 1","peatrestoration,BECCS",0,0,0,0,0,0,0,0,0,0,0,0,0,0,1,0,0,0,1
"17",3330174.99447433,3485820,"Order: 0","reforestation",0,0,0,0,0,0,0,0,0,0,0,0,0,0,0,0,1,0,0
"17,19",252481.03048051,260055,"Order: 1","reforestation,BECCS",0,0,0,0,0,0,0,0,0,0,0,0,0,0,0,0,1,0,1
"18",58603.397369151,52854,"Order: 0","afforestation",0,0,0,0,0,0,0,0,0,0,0,0,0,0,0,0,0,1,0
"18,19",4964.03298590816,4466,"Order: 1","afforestation,BECCS",0,0,0,0,0,0,0,0,0,0,0,0,0,0,0,0,0,1,1
"19",374725.840102523,371358,"Order: 0","BECCS",0,0,0,0,0,0,0,0,0,0,0,0,0,0,0,0,0,0,1
"2",19499635.0722714,20746667,"Order: 0","avoidgrass",0,1,0,0,0,0,0,0,0,0,0,0,0,0,0,0,0,0,0
"2,18",5077225.99546034,5959657,"Order: 1","avoidgrass,afforestation",0,1,0,0,0,0,0,0,0,0,0,0,0,0,0,0,0,1,0
"2,18,19",332040.705000792,421148,"Order: 2","avoidgrass,afforestation,BECCS",0,1,0,0,0,0,0,0,0,0,0,0,0,0,0,0,0,1,1
"2,19",1758752.61491901,1970105,"Order: 1","avoidgrass,BECCS",0,1,0,0,0,0,0,0,0,0,0,0,0,0,0,0,0,0,1
"3",1341615.75463421,1130157,"Order: 0","avoidwet",0,0,1,0,0,0,0,0,0,0,0,0,0,0,0,0,0,0,0
"3,18",55466.1196480385,46526,"Order: 1","avoidwet,afforestation",0,0,1,0,0,0,0,0,0,0,0,0,0,0,0,0,0,1,0
"3,18,19",7207.94072577601,6035,"Order: 2","avoidwet,afforestation,BECCS",0,0,1,0,0,0,0,0,0,0,0,0,0,0,0,0,0,1,1
"3,19",89436.0264904412,75047,"Order: 1","avoidwet,BECCS",0,0,1,0,0,0,0,0,0,0,0,0,0,0,0,0,0,0,1
"4",2125446.71737782,1764090,"Order: 0","avoidpeat",0,0,0,1,0,0,0,0,0,0,0,0,0,0,0,0,0,0,0
"4,18",19577.2813346406,16216,"Order: 1","avoidpeat,afforestation",0,0,0,1,0,0,0,0,0,0,0,0,0,0,0,0,0,1,0
"4,18,19",13262.3118870406,10971,"Order: 2","avoidpeat,afforestation,BECCS",0,0,0,1,0,0,0,0,0,0,0,0,0,0,0,0,0,1,1
"4,19",39764.5819463898,32931,"Order: 1","avoidpeat,BECCS",0,0,0,1,0,0,0,0,0,0,0,0,0,0,0,0,0,0,1
"5",15169592.6813698,14218894,"Order: 0","nfm",0,0,0,0,1,0,0,0,0,0,0,0,0,0,0,0,0,0,0
"5,19",1413019.8610807,1270921,"Order: 1","nfm,BECCS",0,0,0,0,1,0,0,0,0,0,0,0,0,0,0,0,0,0,1
"6",644634.612426757,543239,"Order: 0","plantations",0,0,0,0,0,1,0,0,0,0,0,0,0,0,0,0,0,0,0
"6,13",3048362.89903986,2582136,"Order: 1","plantations,ew",0,0,0,0,0,1,0,0,0,0,0,0,1,0,0,0,0,0,0
"6,13,19",447178.006546186,378016,"Order: 2","plantations,ew,BECCS",0,0,0,0,0,1,0,0,0,0,0,0,1,0,0,0,0,0,1
"6,19",46443.9969765481,38925,"Order: 1","plantations,BECCS",0,0,0,0,0,1,0,0,0,0,0,0,0,0,0,0,0,0,1
"7",103401.37953362,95241,"Order: 0","nutrients",0,0,0,0,0,0,1,0,0,0,0,0,0,0,0,0,0,0,0
"7,12",998357.228238624,987172,"Order: 1","nutrients,biochar",0,0,0,0,0,0,1,0,0,0,0,1,0,0,0,0,0,0,0
"7,12,13",1076318.60876078,982632,"Order: 2","nutrients,biochar,ew",0,0,0,0,0,0,1,0,0,0,0,1,1,0,0,0,0,0,0
"7,12,13,14",188.344708742855,181,"Order: 3","nutrients,biochar,ew,wetrestoration",0,0,0,0,0,0,1,0,0,0,0,1,1,1,0,0,0,0,0
"7,12,13,14,19",23.7227231607719,23,"Order: 4","nutrients,biochar,ew,wetrestoration,BECCS",0,0,0,0,0,0,1,0,0,0,0,1,1,1,0,0,0,0,1
"7,12,13,15",35237.7037414089,31453,"Order: 3","nutrients,biochar,ew,peatrestoration",0,0,0,0,0,0,1,0,0,0,0,1,1,0,1,0,0,0,0
"7,12,13,15,18",159.811323544991,140,"Order: 4","nutrients,biochar,ew,peatrestoration,afforestation",0,0,0,0,0,0,1,0,0,0,0,1,1,0,1,0,0,1,0
"7,12,13,15,18,19",620.241566261163,558,"Order: 5","nutrients,biochar,ew,peatrestoration,afforestation,BECCS",0,0,0,0,0,0,1,0,0,0,0,1,1,0,1,0,0,1,1
"7,12,13,15,19",9298.43848394316,8353,"Order: 4","nutrients,biochar,ew,peatrestoration,BECCS",0,0,0,0,0,0,1,0,0,0,0,1,1,0,1,0,0,0,1
"7,12,13,16",726642.668179784,627979,"Order: 3","nutrients,biochar,ew,grassrestoration",0,0,0,0,0,0,1,0,0,0,0,1,1,0,0,1,0,0,0
"7,12,13,16,18",67503.4286448308,58599,"Order: 4","nutrients,biochar,ew,grassrestoration,afforestation",0,0,0,0,0,0,1,0,0,0,0,1,1,0,0,1,0,1,0
"7,12,13,16,18,19",21967.2754058907,19432,"Order: 5","nutrients,biochar,ew,grassrestoration,afforestation,BECCS",0,0,0,0,0,0,1,0,0,0,0,1,1,0,0,1,0,1,1
"7,12,13,16,19",54558.5740787829,50723,"Order: 4","nutrients,biochar,ew,grassrestoration,BECCS",0,0,0,0,0,0,1,0,0,0,0,1,1,0,0,1,0,0,1
"7,12,13,17",291792.708728103,259733,"Order: 3","nutrients,biochar,ew,reforestation",0,0,0,0,0,0,1,0,0,0,0,1,1,0,0,0,1,0,0
"7,12,13,17,19",67463.7787232282,60335,"Order: 4","nutrients,biochar,ew,reforestation,BECCS",0,0,0,0,0,0,1,0,0,0,0,1,1,0,0,0,1,0,1
"7,12,13,19",343098.999415681,317995,"Order: 3","nutrients,biochar,ew,BECCS",0,0,0,0,0,0,1,0,0,0,0,1,1,0,0,0,0,0,1
"7,12,14",249.463562750542,271,"Order: 2","nutrients,biochar,wetrestoration",0,0,0,0,0,0,1,0,0,0,0,1,0,1,0,0,0,0,0
"7,12,14,19",42.6628259812405,41,"Order: 3","nutrients,biochar,wetrestoration,BECCS",0,0,0,0,0,0,1,0,0,0,0,1,0,1,0,0,0,0,1
"7,12,15",31331.7911310783,27443,"Order: 2","nutrients,biochar,peatrestoration",0,0,0,0,0,0,1,0,0,0,0,1,0,0,1,0,0,0,0
"7,12,15,18",119.946112143822,112,"Order: 3","nutrients,biochar,peatrestoration,afforestation",0,0,0,0,0,0,1,0,0,0,0,1,0,0,1,0,0,1,0
"7,12,15,18,19",0.900903791073799,1,"Order: 4","nutrients,biochar,peatrestoration,afforestation,BECCS",0,0,0,0,0,0,1,0,0,0,0,1,0,0,1,0,0,1,1
"7,12,15,19",5096.82343244679,4449,"Order: 3","nutrients,biochar,peatrestoration,BECCS",0,0,0,0,0,0,1,0,0,0,0,1,0,0,1,0,0,0,1
"7,12,16",3711114.34126824,3625580,"Order: 2","nutrients,biochar,grassrestoration",0,0,0,0,0,0,1,0,0,0,0,1,0,0,0,1,0,0,0
"7,12,16,18",15579.9821846372,14521,"Order: 3","nutrients,biochar,grassrestoration,afforestation",0,0,0,0,0,0,1,0,0,0,0,1,0,0,0,1,0,1,0
"7,12,16,18,19",2180.97111903724,2069,"Order: 4","nutrients,biochar,grassrestoration,afforestation,BECCS",0,0,0,0,0,0,1,0,0,0,0,1,0,0,0,1,0,1,1
"7,12,16,19",881659.605162644,876395,"Order: 3","nutrients,biochar,grassrestoration,BECCS",0,0,0,0,0,0,1,0,0,0,0,1,0,0,0,1,0,0,1
"7,12,17",16959.0262578499,15455,"Order: 2","nutrients,biochar,reforestation",0,0,0,0,0,0,1,0,0,0,0,1,0,0,0,0,1,0,0
"7,12,17,19",3672.15641949642,3594,"Order: 3","nutrients,biochar,reforestation,BECCS",0,0,0,0,0,0,1,0,0,0,0,1,0,0,0,0,1,0,1
"7,12,19",338646.799907268,306819,"Order: 2","nutrients,biochar,BECCS",0,0,0,0,0,0,1,0,0,0,0,1,0,0,0,0,0,0,1
"7,13",102527.28725048,96965,"Order: 1","nutrients,ew",0,0,0,0,0,0,1,0,0,0,0,0,1,0,0,0,0,0,0
"7,13,14",562.9495482736,586,"Order: 2","nutrients,ew,wetrestoration",0,0,0,0,0,0,1,0,0,0,0,0,1,1,0,0,0,0,0
"7,13,14,19",107.055761642558,116,"Order: 3","nutrients,ew,wetrestoration,BECCS",0,0,0,0,0,0,1,0,0,0,0,0,1,1,0,0,0,0,1
"7,13,15",5854.18309200401,5560,"Order: 2","nutrients,ew,peatrestoration",0,0,0,0,0,0,1,0,0,0,0,0,1,0,1,0,0,0,0
"7,13,15,18",13.7438661948142,12,"Order: 3","nutrients,ew,peatrestoration,afforestation",0,0,0,0,0,0,1,0,0,0,0,0,1,0,1,0,0,1,0
"7,13,15,18,19",6.72141768556452,6,"Order: 4","nutrients,ew,peatrestoration,afforestation,BECCS",0,0,0,0,0,0,1,0,0,0,0,0,1,0,1,0,0,1,1
"7,13,15,19",641.40088694959,570,"Order: 3","nutrients,ew,peatrestoration,BECCS",0,0,0,0,0,0,1,0,0,0,0,0,1,0,1,0,0,0,1
"7,13,16",79064.2180869909,67980,"Order: 2","nutrients,ew,grassrestoration",0,0,0,0,0,0,1,0,0,0,0,0,1,0,0,1,0,0,0
"7,13,16,18",26119.0042521182,22381,"Order: 3","nutrients,ew,grassrestoration,afforestation",0,0,0,0,0,0,1,0,0,0,0,0,1,0,0,1,0,1,0
"7,13,16,18,19",4388.19468408408,3911,"Order: 4","nutrients,ew,grassrestoration,afforestation,BECCS",0,0,0,0,0,0,1,0,0,0,0,0,1,0,0,1,0,1,1
"7,13,16,19",4053.42847187926,3746,"Order: 3","nutrients,ew,grassrestoration,BECCS",0,0,0,0,0,0,1,0,0,0,0,0,1,0,0,1,0,0,1
"7,13,17",132825.440412965,122117,"Order: 2","nutrients,ew,reforestation",0,0,0,0,0,0,1,0,0,0,0,0,1,0,0,0,1,0,0
"7,13,17,19",15108.0604229965,13620,"Order: 3","nutrients,ew,reforestation,BECCS",0,0,0,0,0,0,1,0,0,0,0,0,1,0,0,0,1,0,1
"7,13,19",20227.4078267866,17961,"Order: 2","nutrients,ew,BECCS",0,0,0,0,0,0,1,0,0,0,0,0,1,0,0,0,0,0,1
"7,14",637.641881437596,649,"Order: 1","nutrients,wetrestoration",0,0,0,0,0,0,1,0,0,0,0,0,0,1,0,0,0,0,0
"7,14,19",142.781093752867,156,"Order: 2","nutrients,wetrestoration,BECCS",0,0,0,0,0,0,1,0,0,0,0,0,0,1,0,0,0,0,1
"7,15",7926.58048567615,6997,"Order: 1","nutrients,peatrestoration",0,0,0,0,0,0,1,0,0,0,0,0,0,0,1,0,0,0,0
"7,15,18",12.263688874939,11,"Order: 2","nutrients,peatrestoration,afforestation",0,0,0,0,0,0,1,0,0,0,0,0,0,0,1,0,0,1,0
"7,15,19",1137.786964934,980,"Order: 2","nutrients,peatrestoration,BECCS",0,0,0,0,0,0,1,0,0,0,0,0,0,0,1,0,0,0,1
"7,16",895595.368091784,824258,"Order: 1","nutrients,grassrestoration",0,0,0,0,0,0,1,0,0,0,0,0,0,0,0,1,0,0,0
"7,16,18",14271.508126776,12975,"Order: 2","nutrients,grassrestoration,afforestation",0,0,0,0,0,0,1,0,0,0,0,0,0,0,0,1,0,1,0
"7,16,18,19",5511.1690504442,5159,"Order: 3","nutrients,grassrestoration,afforestation,BECCS",0,0,0,0,0,0,1,0,0,0,0,0,0,0,0,1,0,1,1
"7,16,19",146906.551297231,145094,"Order: 2","nutrients,grassrestoration,BECCS",0,0,0,0,0,0,1,0,0,0,0,0,0,0,0,1,0,0,1
"7,17",12962.2088320767,11950,"Order: 1","nutrients,reforestation",0,0,0,0,0,0,1,0,0,0,0,0,0,0,0,0,1,0,0
"7,17,19",996.019439466629,939,"Order: 2","nutrients,reforestation,BECCS",0,0,0,0,0,0,1,0,0,0,0,0,0,0,0,0,1,0,1
"7,19",15230.3402000165,13916,"Order: 1","nutrients,BECCS",0,0,0,0,0,0,1,0,0,0,0,0,0,0,0,0,0,0,1
"7,8",2540.71016955171,2505,"Order: 1","nutrients,rice",0,0,0,0,0,0,1,1,0,0,0,0,0,0,0,0,0,0,0
"7,8,12",90574.0912316405,100571,"Order: 2","nutrients,rice,biochar",0,0,0,0,0,0,1,1,0,0,0,1,0,0,0,0,0,0,0
"7,8,12,13",504687.448782374,504521,"Order: 3","nutrients,rice,biochar,ew",0,0,0,0,0,0,1,1,0,0,0,1,1,0,0,0,0,0,0
"7,8,12,13,14",544.635372662538,570,"Order: 4","nutrients,rice,biochar,ew,wetrestoration",0,0,0,0,0,0,1,1,0,0,0,1,1,1,0,0,0,0,0
"7,8,12,13,14,18",2.12243126956713,2,"Order: 5","nutrients,rice,biochar,ew,wetrestoration,afforestation",0,0,0,0,0,0,1,1,0,0,0,1,1,1,0,0,0,1,0
"7,8,12,13,14,19",277.358881995792,313,"Order: 5","nutrients,rice,biochar,ew,wetrestoration,BECCS",0,0,0,0,0,0,1,1,0,0,0,1,1,1,0,0,0,0,1
"7,8,12,13,15",40355.8290005396,38218,"Order: 4","nutrients,rice,biochar,ew,peatrestoration",0,0,0,0,0,0,1,1,0,0,0,1,1,0,1,0,0,0,0
"7,8,12,13,15,18",7.18330279208314,6,"Order: 5","nutrients,rice,biochar,ew,peatrestoration,afforestation",0,0,0,0,0,0,1,1,0,0,0,1,1,0,1,0,0,1,0
"7,8,12,13,15,18,19",79.3097092479629,71,"Order: 6","nutrients,rice,biochar,ew,peatrestoration,afforestation,BECCS",0,0,0,0,0,0,1,1,0,0,0,1,1,0,1,0,0,1,1
"7,8,12,13,15,19",479.305195780412,440,"Order: 5","nutrients,rice,biochar,ew,peatrestoration,BECCS",0,0,0,0,0,0,1,1,0,0,0,1,1,0,1,0,0,0,1
"7,8,12,13,16",22067.1885077435,20398,"Order: 4","nutrients,rice,biochar,ew,grassrestoration",0,0,0,0,0,0,1,1,0,0,0,1,1,0,0,1,0,0,0
"7,8,12,13,16,18",31229.808464755,28015,"Order: 5","nutrients,rice,biochar,ew,grassrestoration,afforestation",0,0,0,0,0,0,1,1,0,0,0,1,1,0,0,1,0,1,0
"7,8,12,13,16,18,19",8802.21423556077,7996,"Order: 6","nutrients,rice,biochar,ew,grassrestoration,afforestation,BECCS",0,0,0,0,0,0,1,1,0,0,0,1,1,0,0,1,0,1,1
"7,8,12,13,16,19",2321.6447477955,2081,"Order: 5","nutrients,rice,biochar,ew,grassrestoration,BECCS",0,0,0,0,0,0,1,1,0,0,0,1,1,0,0,1,0,0,1
"7,8,12,13,17",519188.451097698,503405,"Order: 4","nutrients,rice,biochar,ew,reforestation",0,0,0,0,0,0,1,1,0,0,0,1,1,0,0,0,1,0,0
"7,8,12,13,17,19",109421.662797822,116403,"Order: 5","nutrients,rice,biochar,ew,reforestation,BECCS",0,0,0,0,0,0,1,1,0,0,0,1,1,0,0,0,1,0,1
"7,8,12,13,19",48587.4053585552,53318,"Order: 4","nutrients,rice,biochar,ew,BECCS",0,0,0,0,0,0,1,1,0,0,0,1,1,0,0,0,0,0,1
"7,8,12,14",179.710916511868,194,"Order: 3","nutrients,rice,biochar,wetrestoration",0,0,0,0,0,0,1,1,0,0,0,1,0,1,0,0,0,0,0
"7,8,12,14,18",12.1088481030639,11,"Order: 4","nutrients,rice,biochar,wetrestoration,afforestation",0,0,0,0,0,0,1,1,0,0,0,1,0,1,0,0,0,1,0
"7,8,12,14,18,19",2.41739460802263,2,"Order: 5","nutrients,rice,biochar,wetrestoration,afforestation,BECCS",0,0,0,0,0,0,1,1,0,0,0,1,0,1,0,0,0,1,1
"7,8,12,14,19",28.1728702226233,27,"Order: 4","nutrients,rice,biochar,wetrestoration,BECCS",0,0,0,0,0,0,1,1,0,0,0,1,0,1,0,0,0,0,1
"7,8,12,15",1948.1418264961,1763,"Order: 3","nutrients,rice,biochar,peatrestoration",0,0,0,0,0,0,1,1,0,0,0,1,0,0,1,0,0,0,0
"7,8,12,15,18",2.41894631242362,2,"Order: 4","nutrients,rice,biochar,peatrestoration,afforestation",0,0,0,0,0,0,1,1,0,0,0,1,0,0,1,0,0,1,0
"7,8,12,15,18,19",7.25240166277617,6,"Order: 5","nutrients,rice,biochar,peatrestoration,afforestation,BECCS",0,0,0,0,0,0,1,1,0,0,0,1,0,0,1,0,0,1,1
"7,8,12,15,19",54.3917769751752,46,"Order: 4","nutrients,rice,biochar,peatrestoration,BECCS",0,0,0,0,0,0,1,1,0,0,0,1,0,0,1,0,0,0,1
"7,8,12,16",86336.6693926749,94398,"Order: 3","nutrients,rice,biochar,grassrestoration",0,0,0,0,0,0,1,1,0,0,0,1,0,0,0,1,0,0,0
"7,8,12,16,18",9878.31224108451,10938,"Order: 4","nutrients,rice,biochar,grassrestoration,afforestation",0,0,0,0,0,0,1,1,0,0,0,1,0,0,0,1,0,1,0
"7,8,12,16,18,19",213.353885173756,205,"Order: 5","nutrients,rice,biochar,grassrestoration,afforestation,BECCS",0,0,0,0,0,0,1,1,0,0,0,1,0,0,0,1,0,1,1
"7,8,12,16,19",10572.6970394542,10451,"Order: 4","nutrients,rice,biochar,grassrestoration,BECCS",0,0,0,0,0,0,1,1,0,0,0,1,0,0,0,1,0,0,1
"7,8,12,17",33809.3724570658,35538,"Order: 3","nutrients,rice,biochar,reforestation",0,0,0,0,0,0,1,1,0,0,0,1,0,0,0,0,1,0,0
"7,8,12,17,19",1663.23992730199,1660,"Order: 4","nutrients,rice,biochar,reforestation,BECCS",0,0,0,0,0,0,1,1,0,0,0,1,0,0,0,0,1,0,1
"7,8,12,19",5268.26670239712,4727,"Order: 3","nutrients,rice,biochar,BECCS",0,0,0,0,0,0,1,1,0,0,0,1,0,0,0,0,0,0,1
"7,8,13",10440.5683025831,10240,"Order: 2","nutrients,rice,ew",0,0,0,0,0,0,1,1,0,0,0,0,1,0,0,0,0,0,0
"7,8,13,14",441.792202138013,481,"Order: 3","nutrients,rice,ew,wetrestoration",0,0,0,0,0,0,1,1,0,0,0,0,1,1,0,0,0,0,0
"7,8,13,14,19",357.213644802233,403,"Order: 4","nutrients,rice,ew,wetrestoration,BECCS",0,0,0,0,0,0,1,1,0,0,0,0,1,1,0,0,0,0,1
"7,8,13,15",1039.05642533062,969,"Order: 3","nutrients,rice,ew,peatrestoration",0,0,0,0,0,0,1,1,0,0,0,0,1,0,1,0,0,0,0
"7,8,13,15,18,19",2.12246954440594,2,"Order: 5","nutrients,rice,ew,peatrestoration,afforestation,BECCS",0,0,0,0,0,0,1,1,0,0,0,0,1,0,1,0,0,1,1
"7,8,13,15,19",11.5750563306125,10,"Order: 4","nutrients,rice,ew,peatrestoration,BECCS",0,0,0,0,0,0,1,1,0,0,0,0,1,0,1,0,0,0,1
"7,8,13,16",3908.61870531456,3320,"Order: 3","nutrients,rice,ew,grassrestoration",0,0,0,0,0,0,1,1,0,0,0,0,1,0,0,1,0,0,0
"7,8,13,16,18",5356.23811062528,4492,"Order: 4","nutrients,rice,ew,grassrestoration,afforestation",0,0,0,0,0,0,1,1,0,0,0,0,1,0,0,1,0,1,0
"7,8,13,16,18,19",976.531169663866,910,"Order: 5","nutrients,rice,ew,grassrestoration,afforestation,BECCS",0,0,0,0,0,0,1,1,0,0,0,0,1,0,0,1,0,1,1
"7,8,13,16,19",97.3791509974796,87,"Order: 4","nutrients,rice,ew,grassrestoration,BECCS",0,0,0,0,0,0,1,1,0,0,0,0,1,0,0,1,0,0,1
"7,8,13,17",41815.2032842699,39926,"Order: 3","nutrients,rice,ew,reforestation",0,0,0,0,0,0,1,1,0,0,0,0,1,0,0,0,1,0,0
"7,8,13,17,19",5378.5668160261,5212,"Order: 4","nutrients,rice,ew,reforestation,BECCS",0,0,0,0,0,0,1,1,0,0,0,0,1,0,0,0,1,0,1
"7,8,13,19",4675.44062127448,5116,"Order: 3","nutrients,rice,ew,BECCS",0,0,0,0,0,0,1,1,0,0,0,0,1,0,0,0,0,0,1
"7,8,14",132.952361203608,141,"Order: 2","nutrients,rice,wetrestoration",0,0,0,0,0,0,1,1,0,0,0,0,0,1,0,0,0,0,0
"7,8,14,18",1.20711370224273,1,"Order: 3","nutrients,rice,wetrestoration,afforestation",0,0,0,0,0,0,1,1,0,0,0,0,0,1,0,0,0,1,0
"7,8,14,18,19",39.8829121008089,33,"Order: 4","nutrients,rice,wetrestoration,afforestation,BECCS",0,0,0,0,0,0,1,1,0,0,0,0,0,1,0,0,0,1,1
"7,8,14,19",106.254691146323,106,"Order: 3","nutrients,rice,wetrestoration,BECCS",0,0,0,0,0,0,1,1,0,0,0,0,0,1,0,0,0,0,1
"7,8,15",392.783986483725,351,"Order: 2","nutrients,rice,peatrestoration",0,0,0,0,0,0,1,1,0,0,0,0,0,0,1,0,0,0,0
"7,8,15,18,19",6.04381132219356,5,"Order: 4","nutrients,rice,peatrestoration,afforestation,BECCS",0,0,0,0,0,0,1,1,0,0,0,0,0,0,1,0,0,1,1
"7,8,15,19",33.752179738316,28,"Order: 3","nutrients,rice,peatrestoration,BECCS",0,0,0,0,0,0,1,1,0,0,0,0,0,0,1,0,0,0,1
"7,8,16",7533.47359647153,7291,"Order: 2","nutrients,rice,grassrestoration",0,0,0,0,0,0,1,1,0,0,0,0,0,0,0,1,0,0,0
"7,8,16,18",777.219385457022,696,"Order: 3","nutrients,rice,grassrestoration,afforestation",0,0,0,0,0,0,1,1,0,0,0,0,0,0,0,1,0,1,0
"7,8,16,18,19",268.345073129785,223,"Order: 4","nutrients,rice,grassrestoration,afforestation,BECCS",0,0,0,0,0,0,1,1,0,0,0,0,0,0,0,1,0,1,1
"7,8,16,19",4583.63051268917,3995,"Order: 3","nutrients,rice,grassrestoration,BECCS",0,0,0,0,0,0,1,1,0,0,0,0,0,0,0,1,0,0,1
"7,8,17",2566.36014035359,2491,"Order: 2","nutrients,rice,reforestation",0,0,0,0,0,0,1,1,0,0,0,0,0,0,0,0,1,0,0
"7,8,17,19",64.4672375669798,68,"Order: 3","nutrients,rice,reforestation,BECCS",0,0,0,0,0,0,1,1,0,0,0,0,0,0,0,0,1,0,1
"7,8,19",597.415421396231,613,"Order: 2","nutrients,rice,BECCS",0,0,0,0,0,0,1,1,0,0,0,0,0,0,0,0,0,0,1
"7,9",18735.1549346197,17823,"Order: 1","nutrients,integr_trees",0,0,0,0,0,0,1,0,1,0,0,0,0,0,0,0,0,0,0
"7,9,12",80348.9948468607,80337,"Order: 2","nutrients,integr_trees,biochar",0,0,0,0,0,0,1,0,1,0,0,1,0,0,0,0,0,0,0
"7,9,12,13",37157.1839512823,38340,"Order: 3","nutrients,integr_trees,biochar,ew",0,0,0,0,0,0,1,0,1,0,0,1,1,0,0,0,0,0,0
"7,9,12,13,14",132.011233534515,135,"Order: 4","nutrients,integr_trees,biochar,ew,wetrestoration",0,0,0,0,0,0,1,0,1,0,0,1,1,1,0,0,0,0,0
"7,9,12,13,14,18",1.14833453545952,1,"Order: 5","nutrients,integr_trees,biochar,ew,wetrestoration,afforestation",0,0,0,0,0,0,1,0,1,0,0,1,1,1,0,0,0,1,0
"7,9,12,13,14,19",30.0033357096558,34,"Order: 5","nutrients,integr_trees,biochar,ew,wetrestoration,BECCS",0,0,0,0,0,0,1,0,1,0,0,1,1,1,0,0,0,0,1
"7,9,12,13,15",37612.2469946002,34765,"Order: 4","nutrients,integr_trees,biochar,ew,peatrestoration",0,0,0,0,0,0,1,0,1,0,0,1,1,0,1,0,0,0,0
"7,9,12,13,15,18",3528.84545090901,3040,"Order: 5","nutrients,integr_trees,biochar,ew,peatrestoration,afforestation",0,0,0,0,0,0,1,0,1,0,0,1,1,0,1,0,0,1,0
"7,9,12,13,15,18,19",1015.72504362884,910,"Order: 6","nutrients,integr_trees,biochar,ew,peatrestoration,afforestation,BECCS",0,0,0,0,0,0,1,0,1,0,0,1,1,0,1,0,0,1,1
"7,9,12,13,15,19",4975.18748192911,4393,"Order: 5","nutrients,integr_trees,biochar,ew,peatrestoration,BECCS",0,0,0,0,0,0,1,0,1,0,0,1,1,0,1,0,0,0,1
"7,9,12,13,16",2657.56132365208,2323,"Order: 4","nutrients,integr_trees,biochar,ew,grassrestoration",0,0,0,0,0,0,1,0,1,0,0,1,1,0,0,1,0,0,0
"7,9,12,13,16,18",674045.313509742,580703,"Order: 5","nutrients,integr_trees,biochar,ew,grassrestoration,afforestation",0,0,0,0,0,0,1,0,1,0,0,1,1,0,0,1,0,1,0
"7,9,12,13,16,18,19",216489.943250687,190177,"Order: 6","nutrients,integr_trees,biochar,ew,grassrestoration,afforestation,BECCS",0,0,0,0,0,0,1,0,1,0,0,1,1,0,0,1,0,1,1
"7,9,12,13,17",1809364.64479755,1647220,"Order: 4","nutrients,integr_trees,biochar,ew,reforestation",0,0,0,0,0,0,1,0,1,0,0,1,1,0,0,0,1,0,0
"7,9,12,13,17,19",535764.22965225,483650,"Order: 5","nutrients,integr_trees,biochar,ew,reforestation,BECCS",0,0,0,0,0,0,1,0,1,0,0,1,1,0,0,0,1,0,1
"7,9,12,13,19",718.65107728989,642,"Order: 4","nutrients,integr_trees,biochar,ew,BECCS",0,0,0,0,0,0,1,0,1,0,0,1,1,0,0,0,0,0,1
"7,9,12,14",76.0922939042506,81,"Order: 3","nutrients,integr_trees,biochar,wetrestoration",0,0,0,0,0,0,1,0,1,0,0,1,0,1,0,0,0,0,0
"7,9,12,14,18",2.89271310925913,3,"Order: 4","nutrients,integr_trees,biochar,wetrestoration,afforestation",0,0,0,0,0,0,1,0,1,0,0,1,0,1,0,0,0,1,0
"7,9,12,14,18,19",31.4334971034634,26,"Order: 5","nutrients,integr_trees,biochar,wetrestoration,afforestation,BECCS",0,0,0,0,0,0,1,0,1,0,0,1,0,1,0,0,0,1,1
"7,9,12,14,19",26.4292476696317,24,"Order: 4","nutrients,integr_trees,biochar,wetrestoration,BECCS",0,0,0,0,0,0,1,0,1,0,0,1,0,1,0,0,0,0,1
"7,9,12,15",19362.766884005,18739,"Order: 3","nutrients,integr_trees,biochar,peatrestoration",0,0,0,0,0,0,1,0,1,0,0,1,0,0,1,0,0,0,0
"7,9,12,15,18",2837.57518937787,2605,"Order: 4","nutrients,integr_trees,biochar,peatrestoration,afforestation",0,0,0,0,0,0,1,0,1,0,0,1,0,0,1,0,0,1,0
"7,9,12,15,18,19",489.38324556782,422,"Order: 5","nutrients,integr_trees,biochar,peatrestoration,afforestation,BECCS",0,0,0,0,0,0,1,0,1,0,0,1,0,0,1,0,0,1,1
"7,9,12,15,19",274.128474966096,239,"Order: 4","nutrients,integr_trees,biochar,peatrestoration,BECCS",0,0,0,0,0,0,1,0,1,0,0,1,0,0,1,0,0,0,1
"7,9,12,16",10960.0429289989,11481,"Order: 3","nutrients,integr_trees,biochar,grassrestoration",0,0,0,0,0,0,1,0,1,0,0,1,0,0,0,1,0,0,0
"7,9,12,16,18",739475.907445636,722829,"Order: 4","nutrients,integr_trees,biochar,grassrestoration,afforestation",0,0,0,0,0,0,1,0,1,0,0,1,0,0,0,1,0,1,0
"7,9,12,16,18,19",102014.588571895,99847,"Order: 5","nutrients,integr_trees,biochar,grassrestoration,afforestation,BECCS",0,0,0,0,0,0,1,0,1,0,0,1,0,0,0,1,0,1,1
"7,9,12,17",352383.047565178,347994,"Order: 3","nutrients,integr_trees,biochar,reforestation",0,0,0,0,0,0,1,0,1,0,0,1,0,0,0,0,1,0,0
"7,9,12,17,19",71179.8882889862,69611,"Order: 4","nutrients,integr_trees,biochar,reforestation,BECCS",0,0,0,0,0,0,1,0,1,0,0,1,0,0,0,0,1,0,1
"7,9,12,19",565.84823237011,524,"Order: 3","nutrients,integr_trees,biochar,BECCS",0,0,0,0,0,0,1,0,1,0,0,1,0,0,0,0,0,0,1
"7,9,13",61002.8217154241,64542,"Order: 2","nutrients,integr_trees,ew",0,0,0,0,0,0,1,0,1,0,0,0,1,0,0,0,0,0,0
"7,9,13,14",274.833284744553,296,"Order: 3","nutrients,integr_trees,ew,wetrestoration",0,0,0,0,0,0,1,0,1,0,0,0,1,1,0,0,0,0,0
"7,9,13,14,18",4.32288262526751,4,"Order: 4","nutrients,integr_trees,ew,wetrestoration,afforestation",0,0,0,0,0,0,1,0,1,0,0,0,1,1,0,0,0,1,0
"7,9,13,14,19",150.554709508053,167,"Order: 4","nutrients,integr_trees,ew,wetrestoration,BECCS",0,0,0,0,0,0,1,0,1,0,0,0,1,1,0,0,0,0,1
"7,9,13,15",5400.33744776344,5453,"Order: 3","nutrients,integr_trees,ew,peatrestoration",0,0,0,0,0,0,1,0,1,0,0,0,1,0,1,0,0,0,0
"7,9,13,15,18",243.929806774904,221,"Order: 4","nutrients,integr_trees,ew,peatrestoration,afforestation",0,0,0,0,0,0,1,0,1,0,0,0,1,0,1,0,0,1,0
"7,9,13,15,18,19",67.743150346367,60,"Order: 5","nutrients,integr_trees,ew,peatrestoration,afforestation,BECCS",0,0,0,0,0,0,1,0,1,0,0,0,1,0,1,0,0,1,1
"7,9,13,15,19",408.139190180233,377,"Order: 4","nutrients,integr_trees,ew,peatrestoration,BECCS",0,0,0,0,0,0,1,0,1,0,0,0,1,0,1,0,0,0,1
"7,9,13,16",1170.40054481022,1020,"Order: 3","nutrients,integr_trees,ew,grassrestoration",0,0,0,0,0,0,1,0,1,0,0,0,1,0,0,1,0,0,0
"7,9,13,16,18",95648.2425874645,82593,"Order: 4","nutrients,integr_trees,ew,grassrestoration,afforestation",0,0,0,0,0,0,1,0,1,0,0,0,1,0,0,1,0,1,0
"7,9,13,16,18,19",10991.2471322039,10091,"Order: 5","nutrients,integr_trees,ew,grassrestoration,afforestation,BECCS",0,0,0,0,0,0,1,0,1,0,0,0,1,0,0,1,0,1,1
"7,9,13,17",226274.936340771,216525,"Order: 3","nutrients,integr_trees,ew,reforestation",0,0,0,0,0,0,1,0,1,0,0,0,1,0,0,0,1,0,0
"7,9,13,17,19",36766.580301553,33814,"Order: 4","nutrients,integr_trees,ew,reforestation,BECCS",0,0,0,0,0,0,1,0,1,0,0,0,1,0,0,0,1,0,1
"7,9,13,19",1054.23288611637,1115,"Order: 3","nutrients,integr_trees,ew,BECCS",0,0,0,0,0,0,1,0,1,0,0,0,1,0,0,0,0,0,1
"7,9,14",194.278652385549,198,"Order: 2","nutrients,integr_trees,wetrestoration",0,0,0,0,0,0,1,0,1,0,0,0,0,1,0,0,0,0,0
"7,9,14,18",11.3973235273925,12,"Order: 3","nutrients,integr_trees,wetrestoration,afforestation",0,0,0,0,0,0,1,0,1,0,0,0,0,1,0,0,0,1,0
"7,9,14,18,19",12.0878393555195,10,"Order: 4","nutrients,integr_trees,wetrestoration,afforestation,BECCS",0,0,0,0,0,0,1,0,1,0,0,0,0,1,0,0,0,1,1
"7,9,14,19",67.1108942932747,69,"Order: 3","nutrients,integr_trees,wetrestoration,BECCS",0,0,0,0,0,0,1,0,1,0,0,0,0,1,0,0,0,0,1
"7,9,15",4388.69271342059,4090,"Order: 2","nutrients,integr_trees,peatrestoration",0,0,0,0,0,0,1,0,1,0,0,0,0,0,1,0,0,0,0
"7,9,15,18",798.818648239046,687,"Order: 3","nutrients,integr_trees,peatrestoration,afforestation",0,0,0,0,0,0,1,0,1,0,0,0,0,0,1,0,0,1,0
"7,9,15,18,19",171.632479405153,142,"Order: 4","nutrients,integr_trees,peatrestoration,afforestation,BECCS",0,0,0,0,0,0,1,0,1,0,0,0,0,0,1,0,0,1,1
"7,9,15,19",37.2696320954121,34,"Order: 3","nutrients,integr_trees,peatrestoration,BECCS",0,0,0,0,0,0,1,0,1,0,0,0,0,0,1,0,0,0,1
"7,9,16",2962.21697847249,2610,"Order: 2","nutrients,integr_trees,grassrestoration",0,0,0,0,0,0,1,0,1,0,0,0,0,0,0,1,0,0,0
"7,9,16,18",229899.927097922,204419,"Order: 3","nutrients,integr_trees,grassrestoration,afforestation",0,0,0,0,0,0,1,0,1,0,0,0,0,0,0,1,0,1,0
"7,9,16,18,19",9355.24894896523,9168,"Order: 4","nutrients,integr_trees,grassrestoration,afforestation,BECCS",0,0,0,0,0,0,1,0,1,0,0,0,0,0,0,1,0,1,1
"7,9,17",53584.3297503281,49722,"Order: 2","nutrients,integr_trees,reforestation",0,0,0,0,0,0,1,0,1,0,0,0,0,0,0,0,1,0,0
"7,9,17,19",3951.12278785599,3844,"Order: 3","nutrients,integr_trees,reforestation,BECCS",0,0,0,0,0,0,1,0,1,0,0,0,0,0,0,0,1,0,1
"7,9,19",351.352264967558,365,"Order: 2","nutrients,integr_trees,BECCS",0,0,0,0,0,0,1,0,1,0,0,0,0,0,0,0,0,0,1
